image_path,easyocr_text,easyocr_norm,easyocr_conf,pytesseract_text,pytesseract_norm,pytesseract_conf,exact_match,similarity
./crnn_crops\plate_00000.jpg,KLO1CA2555,KLO1CA2555,0.5960370465770365,FKLG10A2555,FKLG10A2555,20.0,False,0.7619047619047619
./crnn_crops\plate_00001.jpg,PGoMN112,PGOMN112,0.49573092465898716,= PGeMN112,PGEMN112,7.0,False,0.875
./crnn_crops\plate_00002.jpg,37 Cs TN 2765,37CSTN2765,0.7606761188492772,,,0.0,False,0.0
./crnn_crops\plate_00003.jpg,,,0.0,AN 95550),AN95550,42.0,False,0.0
./crnn_crops\plate_00004.jpg,HR 26 BC 5514,HR26BC5514,0.7511281146976814,HR 26 BC 55i4|,HR26BC55I4,69.25,False,0.9
./crnn_crops\plate_00005.jpg,68.611*36,6861136,0.9270831383647117,,,0.0,False,0.0
./crnn_crops\plate_00006.jpg,,,0.0,As ee,ASEE,26.0,False,0.0
./crnn_crops\plate_00007.jpg,,,0.0,cthh,CTHH,0.0,False,0.0
./crnn_crops\plate_00008.jpg,MGOLXB,MGOLXB,0.34527568332400077,,,0.0,False,0.0
./crnn_crops\plate_00009.jpg,50412344,50412344,0.1493979814550648,SBAI2Z344,SBAI2Z344,50.0,False,0.47058823529411764
./crnn_crops\plate_00010.jpg,,,0.0,SS,SS,62.0,False,0.0
./crnn_crops\plate_00011.jpg,,,0.0,Ty,TY,32.0,False,0.0
./crnn_crops\plate_00012.jpg,,,0.0,o,O,0.0,False,0.0
./crnn_crops\plate_00013.jpg,,,0.0,aaa,AAA,50.0,False,0.0
./crnn_crops\plate_00014.jpg,MH 208020,MH208020,0.9089770352559172,(Mi 208 20,MI20820,41.666666666666664,False,0.8
./crnn_crops\plate_00015.jpg,Mho14v8866,MHO14V8866,0.23680269666249748,PMHO1Ave866),PMHO1AVE866,0.0,False,0.7619047619047619
./crnn_crops\plate_00016.jpg,Czi7 Kod,CZI7KOD,0.49947889535112827,1CZI7 KOD |,1CZI7KOD,54.666666666666664,False,0.9333333333333333
./crnn_crops\plate_00017.jpg,hor 5i6k,HOR5I6K,0.46548063743731855,WOR SIBK,WORSIBK,61.0,False,0.5714285714285714
./crnn_crops\plate_00018.jpg,,,0.0,Fl,FL,0.0,False,0.0
./crnn_crops\plate_00019.jpg,MH 20 EE 7598,MH20EE7598,0.6146941966235462,| MH 20 EE 7598},MH20EE7598,70.4,True,1.0
./crnn_crops\plate_00020.jpg,SHAKNBK,SHAKNBK,0.958116668989569,,,0.0,False,0.0
./crnn_crops\plate_00021.jpg,WASHInGTon MPEACHW,WASHINGTONMPEACHW,0.4864905096298596,,,0.0,False,0.0
./crnn_crops\plate_00022.jpg,CCGRAPHICS AP 29 BP 585,CCGRAPHICSAP29BP585,0.8512510499572855,,,0.0,False,0.0
./crnn_crops\plate_00023.jpg,Ms66 YOB,MS66YOB,0.6983904396732833,MS66 YOB;,MS66YOB,45.5,True,1.0
./crnn_crops\plate_00024.jpg,MK-35-32,MK3532,0.9794522343944674,MK-35-32,MK3532,89.0,True,1.0
./crnn_crops\plate_00025.jpg,,,0.0,,,0.0,True,1.0
./crnn_crops\plate_00026.jpg,JA62 UAR,JA62UAR,0.824691675113913,. JAG2 UAR,JAG2UAR,55.0,False,0.8571428571428571
./crnn_crops\plate_00027.jpg,,,0.0,onan,ONAN,42.0,False,0.0
./crnn_crops\plate_00028.jpg,CMH12867237/,CMH12867237,0.33802312941000495,“MH12BG7237,MH12BG7237,23.0,False,0.7619047619047619
./crnn_crops\plate_00029.jpg,B2228 HM,B2228HM,0.6262435724261594,= B 2228HM|,B2228HM,58.666666666666664,True,1.0
./crnn_crops\plate_00030.jpg,,,0.0,"dion, |",DION,45.0,False,0.0
./crnn_crops\plate_00031.jpg,MANSA,MANSA,0.6355330740405728,i MANISA],IMANISA,51.0,False,0.8333333333333334
./crnn_crops\plate_00032.jpg,HR 26 BC 5514,HR26BC5514,0.9560710626447227,HR 26 BC S5i4,HR26BCS5I4,76.75,False,0.8
./crnn_crops\plate_00033.jpg,,,0.0,sa],SA,16.0,False,0.0
./crnn_crops\plate_00034.jpg,RP 66887,RP66887,0.9589363934119729,"£6885,",6885,46.0,False,0.5454545454545454
./crnn_crops\plate_00035.jpg,KA 05MG 1909,KA05MG1909,0.6839010965117558,Tae,TAE,32.0,False,0.15384615384615385
./crnn_crops\plate_00036.jpg,,,0.0,,,0.0,True,1.0
./crnn_crops\plate_00037.jpg,AND ox65,ANDOX65,0.765649474584649,9x65 AND,9X65AND,75.5,False,0.42857142857142855
./crnn_crops\plate_00038.jpg,OPEC Loi,OPECLOI,0.8883381760835897,,,0.0,False,0.0
./crnn_crops\plate_00039.jpg,Burz1g,BURZ1G,0.11367290946698723,,,0.0,False,0.0
./crnn_crops\plate_00040.jpg,HR 26 BR 9044,HR26BR9044,0.7166880847723398,HR 26 BR 9044),HR26BR9044,70.0,True,1.0
./crnn_crops\plate_00041.jpg,ecgraPHICS AP 39 BP 585,ECGRAPHICSAP39BP585,0.6464277225092592,,,0.0,False,0.0
./crnn_crops\plate_00042.jpg,,,0.0,al diel,ALDIEL,13.5,False,0.0
./crnn_crops\plate_00043.jpg,,,0.0,werk ta,WERKTA,36.5,False,0.0
./crnn_crops\plate_00044.jpg,1268:,1268,0.5989466024257716,,,0.0,False,0.0
./crnn_crops\plate_00045.jpg,W9ILC,W9ILC,0.14693687827128443,USTLE,USTLE,29.0,False,0.2
./crnn_crops\plate_00046.jpg,ILZIQB 34132,ILZIQB34132,0.24721641935990757,a | 7108.,A7108,55.666666666666664,False,0.125
./crnn_crops\plate_00047.jpg,144,144,0.6644302510926123,U usw t 04 7 4),UUSWT0474,44.166666666666664,False,0.3333333333333333
./crnn_crops\plate_00048.jpg,,,0.0,so,SO,6.0,False,0.0
./crnn_crops\plate_00049.jpg,TN 02 BL,TN02BL,0.9190461731090029,,,0.0,False,0.0
./crnn_crops\plate_00050.jpg,,,0.0,ae,AE,29.0,False,0.0
./crnn_crops\plate_00051.jpg,,,0.0,Ais J),AISJ,18.0,False,0.0
./crnn_crops\plate_00052.jpg,ALR 486,ALR486,0.9828257797508009,| ALR 486,ALR486,94.0,True,1.0
./crnn_crops\plate_00053.jpg,CHOIANOoo1,CHOIANOOO1,0.13023910520507861,,,0.0,False,0.0
./crnn_crops\plate_00054.jpg,,,0.0,Or,OR,12.0,False,0.0
./crnn_crops\plate_00055.jpg,,,0.0,Be 2h ey,BE2HEY,37.666666666666664,False,0.0
./crnn_crops\plate_00056.jpg,,,0.0,BF U3348,BFU3348,27.5,False,0.0
./crnn_crops\plate_00057.jpg,JnZi0IT,JNZI0IT,0.1323672975181761,ONZIONT,ONZIONT,38.0,False,0.5714285714285714
./crnn_crops\plate_00058.jpg,PEN 15,PEN15,0.6822540724569309,PENIS :,PENIS,20.5,False,0.6
./crnn_crops\plate_00059.jpg,CHOIANOOOL,CHOIANOOOL,0.5170442818048233,,,0.0,False,0.0
./crnn_crops\plate_00060.jpg,,,0.0,,,0.0,True,1.0
./crnn_crops\plate_00061.jpg,,,0.0,are,ARE,69.0,False,0.0
./crnn_crops\plate_00062.jpg,,,0.0,ci \,CI,40.5,False,0.0
./crnn_crops\plate_00063.jpg,,,0.0,way,WAY,45.0,False,0.0
./crnn_crops\plate_00064.jpg,KLG1CA2555,KLG1CA2555,0.8647458129862767,PK iG10A2555),PKIG10A2555,0.0,False,0.7619047619047619
./crnn_crops\plate_00065.jpg,MH 01.88 550,MH0188550,0.2775337167110167,mi ot na S50,MIOTNAS50,41.25,False,0.3333333333333333
./crnn_crops\plate_00066.jpg,FVgz5,FVGZ5,0.020755849176337354,,,0.0,False,0.0
./crnn_crops\plate_00067.jpg,Iidj,IIDJ,0.04103103652596474,,,0.0,False,0.0
./crnn_crops\plate_00068.jpg,DL8cX 4850,DL8CX4850,0.408724127108492,E701 8c x 4850,E7018CX4850,35.5,False,0.7
./crnn_crops\plate_00069.jpg,ELBczDELD,ELBCZDELD,0.006343816706779476,,,0.0,False,0.0
./crnn_crops\plate_00070.jpg,DL49 AK49,DL49AK49,0.6339218504508521,}° DL49 AKA? |,DL49AKA,43.25,False,0.8
./crnn_crops\plate_00071.jpg,MH208020 Eneeuettectte,MH208020ENEEUETTECTTE,0.2889996463806246,ata) 20 aa =,ATA20AA,43.0,False,0.14285714285714285
./crnn_crops\plate_00072.jpg,Ka-09 Ma 2662,KA09MA2662,0.9602566714775828,Sr 2669.,SR2669,31.5,False,0.375
./crnn_crops\plate_00073.jpg,FcB' 025,FCB025,0.20242072397938193,“MCB - 025),MCB025,50.0,False,0.8333333333333334
./crnn_crops\plate_00074.jpg,PRIV ATE,PRIVATE,0.9791274239949206,PRIV ATE,PRIVATE,92.0,True,1.0
./crnn_crops\plate_00075.jpg,2tbs5t,2TBS5T,0.0599739714841652,18 5S,185S,29.5,False,0.2
./crnn_crops\plate_00076.jpg,COSTA Rica 695299 CENTROAMERICA,COSTARICA695299CENTROAMERICA,0.6541393809122364,,,0.0,False,0.0
./crnn_crops\plate_00077.jpg,DLZC N 5617],DLZCN5617,0.41454469892701246,DL7C N 5617,DL7CN5617,77.66666666666667,False,0.8888888888888888
./crnn_crops\plate_00078.jpg,,,0.0,a oe,AOE,25.0,False,0.0
./crnn_crops\plate_00079.jpg,MPLATECOH,MPLATECOH,0.36555929888879446,fovPuaTEco,FOVPUATECO,0.0,False,0.631578947368421
./crnn_crops\plate_00080.jpg,Ms66 YOB,MS66YOB,0.8522360157468151,M666 YOB,M666YOB,65.0,False,0.8571428571428571
./crnn_crops\plate_00081.jpg,,,0.0,,,0.0,True,1.0
./crnn_crops\plate_00082.jpg,Lr33 TEE,LR33TEE,0.5893974731042152,LR,LR,57.0,False,0.4444444444444444
./crnn_crops\plate_00083.jpg,GT,GT,0.9971315960890169,,,0.0,False,0.0
./crnn_crops\plate_00084.jpg,1153 Wzu,1153WZU,0.2295266809063337,ons,ONS,30.0,False,0.0
./crnn_crops\plate_00085.jpg,Linacar,LINACAR,0.17718938778789406,TKACAR,TKACAR,24.0,False,0.6153846153846154
./crnn_crops\plate_00086.jpg,15-LK-10898,15LK10898,0.7962282273928746,# 15-LK-10898,15LK10898,24.5,True,1.0
./crnn_crops\plate_00087.jpg,,,0.0,,,0.0,True,1.0
./crnn_crops\plate_00088.jpg,PRIV ATE,PRIVATE,0.9866965630795607,PRIV ATE |,PRIVATE,90.66666666666667,True,1.0
./crnn_crops\plate_00089.jpg,YSI213,YSI213,0.10428656906216568,ySK2ts,YSK2TS,0.0,False,0.5
./crnn_crops\plate_00090.jpg,,,0.0,,,0.0,True,1.0
./crnn_crops\plate_00091.jpg,Dur21g,DUR21G,0.1912421395383725,"S00""",S00,3.0,False,0.0
./crnn_crops\plate_00092.jpg,Y7C  09,Y7C09,0.22382305950844963,“stool i,STOOLI,19.5,False,0.0
./crnn_crops\plate_00093.jpg,MTRGLNI Kuy-9051 /,MTRGLNIKUY9051,0.15415577459811525,,,0.0,False,0.0
./crnn_crops\plate_00094.jpg,,,0.0,1 car sx |,1CARSX,28.25,False,0.0
./crnn_crops\plate_00095.jpg,,,0.0,,,0.0,True,1.0
./crnn_crops\plate_00096.jpg,1n DL 42 68,1NDL4268,0.30777955549715635,,,0.0,False,0.0
./crnn_crops\plate_00097.jpg,420125 OCT Balitoia EVQ? FTH ROADE RACE,420125OCTBALITOIAEVQFTHROADERACE,0.43007343651325486,,,0.0,False,0.0
./crnn_crops\plate_00098.jpg,GOOD,GOOD,0.9951711297035217,if GOOD,IFGOOD,47.0,False,0.8
./crnn_crops\plate_00099.jpg,522*922,522922,0.6238387022791075,5225922,5225922,0.0,False,0.9230769230769231
./crnn_crops\plate_00100.jpg,4sz1590,4SZ1590,0.23520456948890428,,,0.0,False,0.0
./crnn_crops\plate_00101.jpg,Ms66 YOB,MS66YOB,0.6281349129365021,M&66 YOB,M66YOB,66.5,False,0.9230769230769231
./crnn_crops\plate_00102.jpg,WASHINGTon MPEACHW,WASHINGTONMPEACHW,0.6244904737543904,,,0.0,False,0.0
./crnn_crops\plate_00103.jpg,,,0.0,SHI HAD,SHIHAD,0.0,False,0.0
./crnn_crops\plate_00104.jpg,VI2LAF,VI2LAF,0.8034691357702017,Vi2 LAF,VI2LAF,92.5,True,1.0
./crnn_crops\plate_00105.jpg,BRIT 0001,BRIT0001,0.9967035683658793,BRIT 0001,BRIT0001,96.0,True,1.0
./crnn_crops\plate_00106.jpg,,,0.0,swieT,SWIET,25.0,False,0.0
./crnn_crops\plate_00107.jpg,Iez BO64a7 MF-90-0o,IEZBO64A7MF900O,0.4651150468639722,,,0.0,False,0.0
./crnn_crops\plate_00108.jpg,26-SPF-4,26SPF4,0.8526574788088793,Bi 26-SPF-4 |,BI26SPF4,20.333333333333332,False,0.8571428571428571
./crnn_crops\plate_00109.jpg,ALR 486,ALR486,0.6309313479633366,| ALR 486 |,ALR486,76.5,True,1.0
./crnn_crops\plate_00110.jpg,,,0.0,—),,51.0,True,1.0
./crnn_crops\plate_00111.jpg,Cho1 Anooo],CHO1ANOOO,0.5315635761538684,,,0.0,False,0.0
./crnn_crops\plate_00112.jpg,AFR 2011 Aotn Aon,AFR2011AOTNAON,0.33620625535781373,AFR-2011,AFR2011,24.0,False,0.6666666666666666
./crnn_crops\plate_00113.jpg,KL54 4 2670,KL5442670,0.5276250465538683,KL54:A-2670,KL54A2670,27.0,False,0.8888888888888888
./crnn_crops\plate_00114.jpg,KA 03 AB   3380,KA03AB3380,0.46795423036190215,4A 03 AB 3380,4A03AB3380,32.0,False,0.9
./crnn_crops\plate_00115.jpg,E4 GLE,E4GLE,0.7551220931141402,BE4GLE,BE4GLE,67.0,False,0.9090909090909091
./crnn_crops\plate_00116.jpg,Fe9sN,FE9SN,0.02901338391966336,,,0.0,False,0.0
./crnn_crops\plate_00117.jpg,,,0.0,,,0.0,True,1.0
./crnn_crops\plate_00118.jpg,,,0.0,pore,PORE,30.0,False,0.0
./crnn_crops\plate_00119.jpg,,,0.0,am,AM,52.0,False,0.0
./crnn_crops\plate_00120.jpg,Lp33 TEE,LP33TEE,0.6524101389477052,“LE,LE,72.0,False,0.4444444444444444
./crnn_crops\plate_00121.jpg,MHO 1av8866,MHO1AV8866,0.2873610576721254,MHO1AYS8866,MHO1AYS8866,21.0,False,0.8571428571428571
./crnn_crops\plate_00122.jpg,Ind MHO IAE8O1Z,INDMHOIAE8O1Z,0.5237524318724767,“MHO4AE8017,MHO4AE8017,0.0,False,0.6086956521739131
./crnn_crops\plate_00123.jpg,PREALR,PREALR,0.3053280551720376,,,0.0,False,0.0
./crnn_crops\plate_00124.jpg,,,0.0,Stay TE,STAYTE,11.5,False,0.0
./crnn_crops\plate_00125.jpg,KA 03 AB 3380,KA03AB3380,0.9562963527927728,“A 03 AB 3380,A03AB3380,50.25,False,0.9473684210526315
./crnn_crops\plate_00126.jpg,LR33 TEE,LR33TEE,0.9794163777572185,LIL,LIL,13.0,False,0.2
./crnn_crops\plate_00127.jpg,KWID,KWID,0.9959169626235962,LE Kwid J,LEKWIDJ,39.0,False,0.7272727272727273
./crnn_crops\plate_00128.jpg,CZiI7 Kod,CZII7KOD,0.21329592962765426,| CZI7 KOD,CZI7KOD,40.0,False,0.9333333333333333
./crnn_crops\plate_00129.jpg,BYOND,BYOND,0.7401737398094431,,,0.0,False,0.0
./crnn_crops\plate_00130.jpg,Notacop,NOTACOP,0.3395746703642773,NOTACOP|,NOTACOP,65.0,True,1.0
./crnn_crops\plate_00131.jpg,HR 26 BU 0280,HR26BU0280,0.8850315543590959,| HR 26 BU 0320 |,HR26BU0320,64.33333333333333,False,0.9
./crnn_crops\plate_00132.jpg,K817er,K817ER,0.2869056321237428,,,0.0,False,0.0
./crnn_crops\plate_00133.jpg,V8,V8,0.8706155717708753,,,0.0,False,0.0
./crnn_crops\plate_00134.jpg,,,0.0,,,0.0,True,1.0
./crnn_crops\plate_00135.jpg,RQ,RQ,0.7233293841238047,TROL,TROL,25.0,False,0.3333333333333333
./crnn_crops\plate_00136.jpg,MHHO 1AE8O1Z],MHHO1AE8O1Z,0.2617382829082432,mMHO41NE8017|,MMHO41NE8017,0.0,False,0.6086956521739131
./crnn_crops\plate_00137.jpg,F 65022 DUBA / L43,F65022DUBAL43,0.607296270491484,,,0.0,False,0.0
./crnn_crops\plate_00138.jpg,KL 65H4383,KL65H4383,0.9700347514212964,Pe 65H 4383,PE65H4383,73.33333333333333,False,0.7777777777777778
./crnn_crops\plate_00139.jpg,DID,DID,0.3788388562973522,aw,AW,30.0,False,0.0
./crnn_crops\plate_00140.jpg,,,0.0,Weld,WELD,11.0,False,0.0
./crnn_crops\plate_00141.jpg,cH 9984,CH9984,0.7258906702975949,,,0.0,False,0.0
./crnn_crops\plate_00142.jpg,OPEC LoL,OPECLOL,0.5733040622564063,OPEC TOL,OPECTOL,77.5,False,0.8571428571428571
./crnn_crops\plate_00143.jpg,AFR : 2011| ~oitt Tonende,AFR2011OITTTONENDE,0.12188675466782979,AFR:2011,AFR2011,0.0,False,0.56
./crnn_crops\plate_00144.jpg,,,0.0,TE),TE,3.0,False,0.0
./crnn_crops\plate_00145.jpg,KA:03: MG 2784,KA03MG2784,0.7258012727750625,KA-03-MG- 2784,KA03MG2784,49.5,True,1.0
./crnn_crops\plate_00146.jpg,,,0.0,YAMRAJI,YAMRAJI,42.0,False,0.0
./crnn_crops\plate_00147.jpg,MPg55565,MPG55565,0.1809273113793299,| 6055565.,6055565,45.0,False,0.6666666666666666
./crnn_crops\plate_00148.jpg,,,0.0,3,3,60.0,False,0.0
./crnn_crops\plate_00149.jpg,26-SPR-4,26SPR4,0.5038057768167463,26°SPF-4),26SPF4,0.0,False,0.8333333333333334
./crnn_crops\plate_00150.jpg,IBDI,IBDI,0.1653023660182953,PVs - 431),PVS431,50.333333333333336,False,0.0
./crnn_crops\plate_00151.jpg,,,0.0,gia 1777),GIA1777,29.0,False,0.0
./crnn_crops\plate_00152.jpg,JA62 UAR,JA62UAR,0.6160736813514294,JAG2 UAR,JAG2UAR,55.0,False,0.8571428571428571
./crnn_crops\plate_00153.jpg,[9s4523,9S4523,0.4764195297208886,,,0.0,False,0.0
./crnn_crops\plate_00154.jpg,B 0=,B0,0.10042704363957772,Cit,CIT,52.0,False,0.0
./crnn_crops\plate_00155.jpg,,,0.0,,,0.0,True,1.0
./crnn_crops\plate_00156.jpg,,,0.0,Coat),COAT,0.0,False,0.0
./crnn_crops\plate_00157.jpg,9214,9214,0.9786721467971802,=],,14.0,False,0.0
./crnn_crops\plate_00158.jpg,LR33 TEE,LR33TEE,0.6851824483772385,4LF,4LF,51.0,False,0.2
./crnn_crops\plate_00159.jpg,GBie TCE,GBIETCE,0.4934704414336614,GBI8 TCE,GBI8TCE,74.0,False,0.8571428571428571
./crnn_crops\plate_00160.jpg,,,0.0,,,0.0,True,1.0
./crnn_crops\plate_00161.jpg,WUPI6 ICIJEO,WUPI6ICIJEO,0.014987401922932915,STCI366 |,STCI366,62.5,False,0.2222222222222222
./crnn_crops\plate_00162.jpg,IMAU 555,IMAU555,0.8670979886114037,-IM4U 555 |,IM4U555,68.33333333333333,False,0.8571428571428571
./crnn_crops\plate_00163.jpg,6J03JL0126,6J03JL0126,0.6794980455344749,i GJ03JL0126),IGJ03JL0126,52.5,False,0.8571428571428571
./crnn_crops\plate_00164.jpg,,,0.0,‘oro,ORO,37.0,False,0.0
./crnn_crops\plate_00165.jpg,,,0.0,POGSILTR],POGSILTR,0.0,False,0.0
./crnn_crops\plate_00166.jpg,DOL,DOL,0.9260196627814449,,,0.0,False,0.0
./crnn_crops\plate_00167.jpg,15-LK-10898,15LK10898,0.7954168841628542,ml 15-LK-10898,ML15LK10898,23.0,False,0.9
./crnn_crops\plate_00168.jpg,HR 26 BC 5514,HR26BC5514,0.7559572996459896,HR 26 BC SSI4_,HR26BCSSI4,70.0,False,0.7
./crnn_crops\plate_00169.jpg,,,0.0,1CD AF,1CDAF,34.5,False,0.0
./crnn_crops\plate_00170.jpg,'3SAM123,3SAM123,0.5630185126092682,3SAM123,3SAM123,19.0,True,1.0
./crnn_crops\plate_00171.jpg,PRer iNLB,PRERINLB,0.006772295253839676,,,0.0,False,0.0
./crnn_crops\plate_00172.jpg,Ka:03-MG . 2784,KA03MG2784,0.3479766825167311,KA-03-MG - 2784 |,KA03MG2784,61.75,True,1.0
./crnn_crops\plate_00173.jpg,21-801-27,2180127,0.7120402641633888,1-801-27,180127,22.0,False,0.9230769230769231
./crnn_crops\plate_00174.jpg,HR 26 BR 9044,HR26BR9044,0.994749184559692,HR 26 BR 9044),HR26BR9044,79.5,True,1.0
./crnn_crops\plate_00175.jpg,Ts0 Ic,TS0IC,0.034672206801231106,—,,25.0,False,0.0
./crnn_crops\plate_00176.jpg,37 C5 TN - 2765,37C5TN2765,0.6973280734056151,,,0.0,False,0.0
./crnn_crops\plate_00177.jpg,HH42 DE1433,HH42DE1433,0.225772311148489,H120E1433,H120E1433,0.0,False,0.7368421052631579
./crnn_crops\plate_00178.jpg,,,0.0,henieuneemandl,HENIEUNEEMANDL,0.0,False,0.0
./crnn_crops\plate_00179.jpg,,,0.0,Ll,LL,30.0,False,0.0
./crnn_crops\plate_00180.jpg,,,0.0,ovum,OVUM,11.0,False,0.0
./crnn_crops\plate_00181.jpg,Karercniae,KARERCNIAE,0.008618615542436599,Ka-226-0852 9,KA22608529,12.5,False,0.2
./crnn_crops\plate_00182.jpg,BYHA 136,BYHA136,0.21810168346172734,BYHM 136,BYHM136,60.0,False,0.8571428571428571
./crnn_crops\plate_00183.jpg,PGeMN12,PGEMN12,0.12954597971187273,PGeMN112,PGEMN112,86.0,False,0.9333333333333333
./crnn_crops\plate_00184.jpg,ceeTD,CEETD,0.007044111525672976,HS82 FKL],HS82FKL,34.0,False,0.0
./crnn_crops\plate_00185.jpg,DANS4P,DANS4P,0.5896032605437369,DAN 54P,DAN54P,91.0,False,0.8333333333333334
./crnn_crops\plate_00186.jpg,,,0.0,| caren I,CARENI,22.0,False,0.0
./crnn_crops\plate_00187.jpg,GOTZPOO,GOTZPOO,0.3303563515584235,,,0.0,False,0.0
./crnn_crops\plate_00188.jpg,MH 20EJ 0364,MH20EJ0364,0.7996620905744758,WH 20EJ0364},WH20EJ0364,51.0,False,0.9
./crnn_crops\plate_00189.jpg,LBE MD63,LBEMD63,0.4562254474859724,YD63 LB,YD63LB,55.5,False,0.46153846153846156
./crnn_crops\plate_00190.jpg,OK LAL,OKLAL,0.480940280742405,,,0.0,False,0.0
./crnn_crops\plate_00191.jpg,KA 0AC 5957,KA0AC5957,0.4057795205947888,ps,PS,43.0,False,0.0
./crnn_crops\plate_00192.jpg,MH 20EE 7598,MH20EE7598,0.9463165260504156,‘MH 20 EE 7598,MH20EE7598,72.75,True,1.0
./crnn_crops\plate_00193.jpg,FZiQb FL1232,FZIQBFL1232,0.1555440025012639,ss,SS,44.0,False,0.0
./crnn_crops\plate_00194.jpg,104U 5333,104U5333,0.18570535850554784,| wal 5333 |,WAL5333,61.5,False,0.5333333333333333
./crnn_crops\plate_00195.jpg,ND TSOBER16L?,NDTSOBER16L,0.8083775769471673,~T SOBER 1643,TSOBER1643,40.0,False,0.7619047619047619
./crnn_crops\plate_00196.jpg,,,0.0,"ICV BY,",ICVBY,45.5,False,0.0
./crnn_crops\plate_00197.jpg,MH 02 CB 4545,MH02CB4545,0.8695329989428594,,,0.0,False,0.0
./crnn_crops\plate_00198.jpg,FAN 201d,FAN201D,0.5265647107612462,RW 21,RW21,25.5,False,0.36363636363636365
./crnn_crops\plate_00199.jpg,V.771278],V771278,0.2677098250774971,771276),771276,0.0,False,0.7692307692307693
./crnn_crops\plate_00200.jpg,8 Cu560g,8CU560G,0.12547891839561717,> CU S6GG,CUS6GG,49.0,False,0.6153846153846154
./crnn_crops\plate_00201.jpg,5ooz,5OOZ,0.2635747194290161,Gook |,GOOK,63.0,False,0.5
./crnn_crops\plate_00202.jpg,,,0.0,| We 34 Ae 1808,WE34AE1808,42.6,False,0.0
./crnn_crops\plate_00203.jpg,T7785,T7785,0.12115812752883429,"‘07765,",07765,37.0,False,0.6
./crnn_crops\plate_00204.jpg,cH 9984,CH9984,0.859333643143147,=o CH 9984,OCH9984,64.33333333333333,False,0.9230769230769231
./crnn_crops\plate_00205.jpg,7186 H) 5,7186H5,0.535870691955911,,,0.0,False,0.0
./crnn_crops\plate_00206.jpg,4r7222,4R7222,0.17490271847711514,,,0.0,False,0.0
./crnn_crops\plate_00207.jpg,KDuL,KDUL,0.03664807975292206,"Kuve,",KUVE,46.0,False,0.5
./crnn_crops\plate_00208.jpg,,,0.0,‘Ta,TA,36.0,False,0.0
./crnn_crops\plate_00209.jpg,DZIZ YXR,DZIZYXR,0.7091964276832385,DZI7 YXR,DZI7YXR,69.0,False,0.8571428571428571
./crnn_crops\plate_00210.jpg,Ianio7al,IANIO7AL,0.00034220613684446887,| Pian 2605,PIAN2605,16.0,False,0.375
./crnn_crops\plate_00211.jpg,Yes Boss,YESBOSS,0.3085172526844812,"""yes Buss",YESBUSS,3.0,False,0.8571428571428571
./crnn_crops\plate_00212.jpg,RXGI GDU,RXGIGDU,0.7972995746377707,TRX6IGDU,TRX6IGDU,0.0,False,0.8
./crnn_crops\plate_00213.jpg,BRIT 0001,BRIT0001,0.9968696561451417,,,0.0,False,0.0
./crnn_crops\plate_00214.jpg,MANISA,MANISA,0.9084681886811646,,,0.0,False,0.0
./crnn_crops\plate_00215.jpg,BAIMAR,BAIMAR,0.43169697436458415,BATMAN,BATMAN,46.0,False,0.6666666666666666
./crnn_crops\plate_00216.jpg,CZI7 Kod,CZI7KOD,0.3411215323512417,40217 KOD,40217KOD,13.0,False,0.5333333333333333
./crnn_crops\plate_00217.jpg,,,0.0,os' Mae,OSMAE,21.5,False,0.0
./crnn_crops\plate_00218.jpg,,,0.0,heen”,HEEN,0.0,False,0.0
./crnn_crops\plate_00219.jpg,,,0.0,—,,11.0,True,1.0
./crnn_crops\plate_00220.jpg,,,0.0,we,WE,56.0,False,0.0
./crnn_crops\plate_00221.jpg,,,0.0,,,0.0,True,1.0
./crnn_crops\plate_00222.jpg,0 @16 M cOOL:,016MCOOL,0.31377100670819386,,,0.0,False,0.0
./crnn_crops\plate_00223.jpg,,,0.0,AP +1 AM OS,AP1AMOS,36.0,False,0.0
./crnn_crops\plate_00224.jpg,,,0.0,ete,ETE,0.0,False,0.0
./crnn_crops\plate_00225.jpg,01 06 000t,0106000T,0.15157623842484283,‘MH 01 DB 0001,MH01DB0001,85.75,False,0.5555555555555556
./crnn_crops\plate_00226.jpg,68.611*36,6861136,0.8779049882206238,,,0.0,False,0.0
./crnn_crops\plate_00227.jpg,,,0.0,Tre,TRE,46.0,False,0.0
./crnn_crops\plate_00228.jpg,,,0.0,3,3,56.0,False,0.0
./crnn_crops\plate_00229.jpg,Ka-09 Ma 2662,KA09MA2662,0.9498048818512838,Sr 2660,SR2660,46.5,False,0.375
./crnn_crops\plate_00230.jpg,HR 26 BR 9044,HR26BR9044,0.9946960922444774,HR 26 BR 9044,HR26BR9044,83.5,True,1.0
./crnn_crops\plate_00231.jpg,MIDLYPH,MIDLYPH,0.9400923577947558,MID LYPH,MIDLYPH,33.0,True,1.0
./crnn_crops\plate_00232.jpg,@LZC N 5617,LZCN5617,0.43231593302896054,jDL7C N 5617,JDL7CN5617,49.333333333333336,False,0.7777777777777778
./crnn_crops\plate_00233.jpg,BAIMAR,BAIMAR,0.5009092282331716,ARTHAN,ARTHAN,0.0,False,0.3333333333333333
./crnn_crops\plate_00234.jpg,532h,532H,0.973349392414093,_ S32H |,S32H,15.666666666666666,False,0.75
./crnn_crops\plate_00235.jpg,9214,9214,0.9996036291122437,a Wetll,AWETLL,3.5,False,0.0
./crnn_crops\plate_00236.jpg,,,0.0,“a,A,21.0,False,0.0
./crnn_crops\plate_00237.jpg,74 024-6570,740246570,0.1951747369341231,Bx 1-02 A-6579 a,BX102A6579A,26.0,False,0.5
./crnn_crops\plate_00238.jpg,,,0.0,OM:,OM,33.0,False,0.0
./crnn_crops\plate_00239.jpg,GBIB TCE,GBIBTCE,0.3808263321085771,GBIB TCE,GBIBTCE,75.0,True,1.0
./crnn_crops\plate_00240.jpg,01 CC ~Oo01,01CCOO01,0.17114529496219616,01 CC 1A 0004,01CC1A0004,57.25,False,0.5555555555555556
./crnn_crops\plate_00241.jpg,,,0.0,rete,RETE,34.0,False,0.0
./crnn_crops\plate_00242.jpg,,,0.0,85-44,8544,58.0,False,0.0
./crnn_crops\plate_00243.jpg,145,145,0.9999887814494186,oe,OE,38.0,False,0.0
./crnn_crops\plate_00244.jpg,IMAU 555,IMAU555,0.93641081271021,| IM4U 555 },IM4U555,83.75,False,0.8571428571428571
./crnn_crops\plate_00245.jpg,AMBO,AMBO,0.7953439354896545,TANBO,TANBO,25.0,False,0.6666666666666666
./crnn_crops\plate_00246.jpg,SDN7484U,SDN7484U,0.6516467895457834,SDN7484U,SDN7484U,89.0,True,1.0
./crnn_crops\plate_00247.jpg,DZI7 YXR,DZI7YXR,0.9427343203346265,—DZI7 YXR,DZI7YXR,65.0,True,1.0
./crnn_crops\plate_00248.jpg,JP46546,JP46546,0.4242552742137876,JPK 6546.,JPK6546,58.0,False,0.8571428571428571
./crnn_crops\plate_00249.jpg,ILZIQB FV32,ILZIQBFV32,0.44490916415063586,i232,I232,6.0,False,0.42857142857142855
./crnn_crops\plate_00250.jpg,6526 JHD,6526JHD,0.8086185493947043,6526 JHD,6526JHD,60.5,True,1.0
./crnn_crops\plate_00251.jpg,KL 01 CC 50_,KL01CC50,0.49178752800957193,I xi o1cc 50,IXIO1CC50,33.25,False,0.5882352941176471
./crnn_crops\plate_00252.jpg,KL544 2670,KL5442670,0.5409277739014648,KL54:A-2670 |,KL54A2670,74.0,False,0.8888888888888888
./crnn_crops\plate_00253.jpg,hychlh,HYCHLH,0.04469850853228681,,,0.0,False,0.0
./crnn_crops\plate_00254.jpg,sgo5i,SGO5I,0.3015781017205484,$6o5i_ JU,6O5IJU,54.0,False,0.5454545454545454
./crnn_crops\plate_00255.jpg,LAWYER,LAWYER,0.9973707185694469,,,0.0,False,0.0
./crnn_crops\plate_00256.jpg,M90 60 90K,M906090K,0.9544297372834986,M-90 60 90-K,M906090K,85.33333333333333,True,1.0
./crnn_crops\plate_00257.jpg,HR 26 BC 5514,HR26BC5514,0.9563414881527538,HR 26 BC SSI4,HR26BCSSI4,87.25,False,0.7
./crnn_crops\plate_00258.jpg,Eab00o],EAB00O,0.049712337229982057,,,0.0,False,0.0
./crnn_crops\plate_00259.jpg,Yd63 LB,YD63LB,0.4320086418824331,YD63 LB,YD63LB,53.5,True,1.0
./crnn_crops\plate_00260.jpg,,,0.0,WGELOL-,WGELOL,38.0,False,0.0
./crnn_crops\plate_00261.jpg,MUIUI,MUIUI,0.023746184529899985,yyy 2taT ote,YYY2TATOTE,14.666666666666666,False,0.0
./crnn_crops\plate_00262.jpg,,,0.0,ere -,ERE,31.0,False,0.0
./crnn_crops\plate_00263.jpg,Pui8 _ BES,PUI8BES,0.626906226709987,,,0.0,False,0.0
./crnn_crops\plate_00264.jpg,NBEYOND,NBEYOND,0.9957169928985325,,,0.0,False,0.0
./crnn_crops\plate_00265.jpg,6Pivz28,6PIVZ28,0.2899931511374631,PIV729),PIV729,0.0,False,0.6153846153846154
./crnn_crops\plate_00266.jpg,ERSEY GBJ J98257,ERSEYGBJJ98257,0.7950887614665497,,,0.0,False,0.0
./crnn_crops\plate_00267.jpg,,,0.0,,,0.0,True,1.0
./crnn_crops\plate_00268.jpg,HHOz BB,HHOZBB,0.18165440593860332,N02 oe 2,N02OE2,36.333333333333336,False,0.16666666666666666
./crnn_crops\plate_00269.jpg,HR 26 BC 5514,HR26BC5514,0.8992190386620718,‘HR 26 BC 55i4|,HR26BC55I4,61.25,False,0.9
./crnn_crops\plate_00270.jpg,ALR 486,ALR486,0.9102301376698166,ALR 486,ALR486,92.0,True,1.0
./crnn_crops\plate_00271.jpg,FALLYOU,FALLYOU,0.38845004989790083,FALLYOU:,FALLYOU,0.0,True,1.0
./crnn_crops\plate_00272.jpg,MANISA,MANISA,0.9740087406592407,MANISA,MANISA,90.0,True,1.0
./crnn_crops\plate_00273.jpg,4a-09 Ma 2662,4A09MA2662,0.6870155118116404,me” 2669,ME2669,51.5,False,0.5
./crnn_crops\plate_00274.jpg,,,0.0,LOL Oil J,LOLOILJ,65.66666666666667,False,0.0
./crnn_crops\plate_00275.jpg,Zo0v,ZO0V,0.13988496363162994,,,0.0,False,0.0
./crnn_crops\plate_00276.jpg,TN 99F2378,TN99F2378,0.8075746529684189,TNSSF 2378,TNSSF2378,90.0,False,0.7777777777777778
./crnn_crops\plate_00277.jpg,VIZLAF,VIZLAF,0.5876802465096891,ol,OL,64.0,False,0.25
./crnn_crops\plate_00278.jpg,,,0.0,oe,OE,39.0,False,0.0
./crnn_crops\plate_00279.jpg,DL8cX 4850,DL8CX4850,0.7300353071767606,DL8CX 4850,DL8CX4850,82.5,True,1.0
./crnn_crops\plate_00280.jpg,PGeN12,PGEN12,0.3806710999557552,PGeMN112),PGEMN112,54.0,False,0.8571428571428571
./crnn_crops\plate_00281.jpg,IMAU 555,IMAU555,0.9315971978059939,,,0.0,False,0.0
./crnn_crops\plate_00282.jpg,16M,16M,0.13431968948790013,Mite,MITE,47.0,False,0.2857142857142857
./crnn_crops\plate_00283.jpg,AND OX65,ANDOX65,0.6130643081114211,,,0.0,False,0.0
./crnn_crops\plate_00284.jpg,,,0.0,WG GBOO,WGGBOO,33.5,False,0.0
./crnn_crops\plate_00285.jpg,JATEI,JATEI,0.030756923596003544,MAGES),MAGES,26.0,False,0.4
./crnn_crops\plate_00286.jpg,,,0.0,a,A,54.0,False,0.0
./crnn_crops\plate_00287.jpg,,,0.0,ud,UD,39.0,False,0.0
./crnn_crops\plate_00288.jpg,HR _Cu 170,HRCU170,0.01914364782370874,[un.26.c8. 1200,UN26C81200,0.0,False,0.35294117647058826
./crnn_crops\plate_00289.jpg,DZIZ YXR,DZIZYXR,0.7769516898834751,DZI7 YXR,DZI7YXR,74.0,False,0.8571428571428571
./crnn_crops\plate_00290.jpg,MH 20EJ 0364,MH20EJ0364,0.7950149211557069,MH 20 EJ 0364!,MH20EJ0364,19.5,True,1.0
./crnn_crops\plate_00291.jpg,E8 OLA,E8OLA,0.7901632763499896,_ESOLA |,ESOLA,64.0,False,0.8
./crnn_crops\plate_00292.jpg,Noiacop],NOIACOP,0.6984209352555838,,,0.0,False,0.0
./crnn_crops\plate_00293.jpg,DL8CX 4850,DL8CX4850,0.6461552234243056,EIDL8CX 4850,EIDL8CX4850,46.5,False,0.9
./crnn_crops\plate_00294.jpg,,,0.0,&,,23.0,True,1.0
./crnn_crops\plate_00295.jpg,,,0.0,,,0.0,True,1.0
./crnn_crops\plate_00296.jpg,WPLATECOH,WPLATECOH,0.3883699423781308,(MTPLATE.COM,MTPLATECOM,0.0,False,0.7368421052631579
./crnn_crops\plate_00297.jpg,DLZC N 5617,DLZCN5617,0.6050762735294095,DL7C N 5617,DL7CN5617,88.66666666666667,False,0.8888888888888888
./crnn_crops\plate_00298.jpg,WXS4FUL,WXS4FUL,0.36938923228359044,X54 FL,X54FL,17.0,False,0.6666666666666666
./crnn_crops\plate_00299.jpg,Ts00} Ic,TS00IC,0.013583045575376426,ir,IR,11.0,False,0.25
./crnn_crops\plate_00300.jpg,CANISA,CANISA,0.6384565331674987,,,0.0,False,0.0
./crnn_crops\plate_00301.jpg,(skip GAS],SKIPGAS,0.11731557745179537,SKIP Gas,SKIPGAS,41.0,True,1.0
./crnn_crops\plate_00302.jpg,GOOGLE,GOOGLE,0.823399626203823,GOOGLE,GOOGLE,96.0,True,1.0
./crnn_crops\plate_00303.jpg,OHG Mout,OHGMOUT,0.2110519649936693,"KG, OO",KGOO,11.0,False,0.36363636363636365
./crnn_crops\plate_00304.jpg,KA 03 AB   3380,KA03AB3380,0.3794844041027134,NOB 3380,NOB3380,59.0,False,0.5882352941176471
./crnn_crops\plate_00305.jpg,,,0.0,ibe,IBE,14.0,False,0.0
./crnn_crops\plate_00306.jpg,Eab000_,EAB000,0.1090100544217478,,,0.0,False,0.0
./crnn_crops\plate_00307.jpg,PYSbEU,PYSBEU,0.1629777459094897,PPYS6 BXUF,PPYS6BXUF,0.0,False,0.6666666666666666
./crnn_crops\plate_00308.jpg,,,0.0,OM,OM,50.0,False,0.0
./crnn_crops\plate_00309.jpg,,,0.0,BbsiW OLe8,BBSIWOLE8,0.0,False,0.0
./crnn_crops\plate_00310.jpg,TEXAS CB7-R6l5] Lee=,TEXASCB7R6L5LEE,0.2882307726037647,cae,CAE,24.0,False,0.1111111111111111
./crnn_crops\plate_00311.jpg,,,0.0,5 9,59,32.5,False,0.0
./crnn_crops\plate_00312.jpg,,,0.0,om,OM,47.0,False,0.0
./crnn_crops\plate_00313.jpg,KA 03 AB   3380,KA03AB3380,0.4460523215328934,,,0.0,False,0.0
./crnn_crops\plate_00314.jpg,,,0.0,peng,PENG,38.0,False,0.0
./crnn_crops\plate_00315.jpg,BKTP - 665,BKTP665,0.26068658670686856,BKTP: 665},BKTP665,77.5,True,1.0
./crnn_crops\plate_00316.jpg,an francetl BSMARTZ Zmtan,ANFRANCETLBSMARTZZMTAN,0.16765585229052052,,,0.0,False,0.0
./crnn_crops\plate_00317.jpg,,,0.0,,,0.0,True,1.0
./crnn_crops\plate_00318.jpg,P262 FDX,P262FDX,0.804028628599144,PZb2 FOX |,PZB2FOX,42.666666666666664,False,0.5714285714285714
./crnn_crops\plate_00319.jpg,PZ62 FDZ,PZ62FDZ,0.33181946317790734,P2Z62 FDZ |,P2Z62FDZ,54.0,False,0.9333333333333333
./crnn_crops\plate_00320.jpg,,,0.0,aia,AIA,48.0,False,0.0
./crnn_crops\plate_00321.jpg,MIDLYPH,MIDLYPH,0.9367795942351318,INIDLYPH,INIDLYPH,43.0,False,0.8
./crnn_crops\plate_00322.jpg,IDU,IDU,0.2085525147319421,oi,OI,13.0,False,0.4
./crnn_crops\plate_00323.jpg,WASHINGTON MPEACHW,WASHINGTONMPEACHW,0.721205764505435,,,0.0,False,0.0
./crnn_crops\plate_00324.jpg,,,0.0,tat,TAT,28.0,False,0.0
./crnn_crops\plate_00325.jpg,T T2j,TT2J,0.23682373737360635,,,0.0,False,0.0
./crnn_crops\plate_00326.jpg,Laczdee2,LACZDEE2,0.021298723825650834,i t20 599),IT20599,7.333333333333333,False,0.13333333333333333
./crnn_crops\plate_00327.jpg,TN 21 BZ 0768,TN21BZ0768,0.6080079411562925,TN 21 BZ 0768 §,TN21BZ0768,47.6,True,1.0
./crnn_crops\plate_00328.jpg,MH208020,MH208020,0.5612382433196218,C8fb ence,C8FBENCE,8.5,False,0.125
./crnn_crops\plate_00329.jpg,GOOGLE,GOOGLE,0.5459693784528612,,,0.0,False,0.0
./crnn_crops\plate_00330.jpg,,,0.0,,,0.0,True,1.0
./crnn_crops\plate_00331.jpg,15-LK-10898,15LK10898,0.6771071994289568,15-LK-10898,15LK10898,25.0,True,1.0
./crnn_crops\plate_00332.jpg,FAST WN,FASTWN,0.5565660902360439,,,0.0,False,0.0
./crnn_crops\plate_00333.jpg,CHOIANOOQU,CHOIANOOQU,0.5503815412775827,CHO1ANO0001),CHO1ANO0001,38.0,False,0.5714285714285714
./crnn_crops\plate_00334.jpg,,,0.0,. @20 -,20,25.0,False,0.0
./crnn_crops\plate_00335.jpg,HRZGCE 1L85,HRZGCE1L85,0.43655400896479174,HR26CE 1485),HR26CE1485,2.0,False,0.7
./crnn_crops\plate_00336.jpg,"TN 218C, 6225",TN218C6225,0.31971937403686773,-TNelec6eds.,TNELEC6EDS,0.0,False,0.4
./crnn_crops\plate_00337.jpg,S7JDMT,S7JDMT,0.15701991472251237,$7 JDW J,7JDWJ,34.666666666666664,False,0.5454545454545454
./crnn_crops\plate_00338.jpg,Cahmel & Dave 7uub,CAHMELDAVE7UUB,0.3913836597704438,,,0.0,False,0.0
./crnn_crops\plate_00339.jpg,B2228 HM,B2228HM,0.6842086169265694,= B 2228HM),B2228HM,56.666666666666664,True,1.0
./crnn_crops\plate_00340.jpg,"BYHH"" 136]",BYHH136,0.06351333067314896,,,0.0,False,0.0
./crnn_crops\plate_00341.jpg,4G,4G,0.03724052216152842,,,0.0,False,0.0
./crnn_crops\plate_00342.jpg,Hhil Cn 9239',HHILCN9239,0.5457820245144428,ni 9239),NI9239,58.5,False,0.625
./crnn_crops\plate_00343.jpg,OHG BCKY,OHGBCKY,0.3770637605130178,‘ONG BCKY.,ONGBCKY,66.0,False,0.8571428571428571
./crnn_crops\plate_00344.jpg,LhdD,LHDD,0.01435005385428667,sa,SA,21.0,False,0.0
./crnn_crops\plate_00345.jpg,72089563,72089563,0.5248443805398808,mas 20-8 95631,MAS20895631,27.666666666666668,False,0.7368421052631579
./crnn_crops\plate_00346.jpg,CRAIG,CRAIG,0.9945017442304821,CRAIG. |,CRAIG,59.0,True,1.0
./crnn_crops\plate_00347.jpg,,,0.0,Vass.” |,VASS,35.0,False,0.0
./crnn_crops\plate_00348.jpg,Ox 1o3,OX1O3,0.5443653558112654,,,0.0,False,0.0
./crnn_crops\plate_00349.jpg,"12012 OCT ""Balifoia EVQ? FTH ROADl RACE",12012OCTBALIFOIAEVQFTHROADLRACE,0.6213381305568207,,,0.0,False,0.0
./crnn_crops\plate_00350.jpg,AB 44887,AB44887,0.5635107587435046,AB 44 887),AB44887,69.0,True,1.0
./crnn_crops\plate_00351.jpg,HR26 AZ 5927/,HR26AZ5927,0.2610055931835961,,,0.0,False,0.0
./crnn_crops\plate_00352.jpg,54MR,54MR,0.3071208894252777,° ¥9m 3a,9M3A,24.333333333333332,False,0.25
./crnn_crops\plate_00353.jpg,AB 44887,AB44887,0.7608811069535347,SAB 44 887),SAB44887,58.333333333333336,False,0.9333333333333333
./crnn_crops\plate_00354.jpg,NH15BD8877,NH15BD8877,0.5604812131921608,“MH15B08677|,MH15B08677,61.0,False,0.7
./crnn_crops\plate_00355.jpg,,,0.0,rile,RILE,3.0,False,0.0
./crnn_crops\plate_00356.jpg,,,0.0,bee 218),BEE218,19.5,False,0.0
./crnn_crops\plate_00357.jpg,BKHL : 324,BKHL324,0.35558363619653094,,,0.0,False,0.0
./crnn_crops\plate_00358.jpg,FLORIDDACO DZV 1G4g,FLORIDDACODZV1G4G,0.5214720693866547,nZveeG49,NZVEEG49,0.0,False,0.32
./crnn_crops\plate_00359.jpg,M 771276,M771276,0.7537831088370146,M 771276,M771276,75.0,True,1.0
./crnn_crops\plate_00360.jpg,Mhi2 Mr 0gi],MHI2MR0GI,0.18585386187637587,PMH 12.MR 0613 |,PMH12MR0613,44.0,False,0.6
./crnn_crops\plate_00361.jpg,,,0.0,1c BY,1CBY,25.0,False,0.0
./crnn_crops\plate_00362.jpg,EREAP3R,EREAP3R,0.43444266341322313,=REAP3R,REAP3R,37.0,False,0.9230769230769231
./crnn_crops\plate_00363.jpg,9214,9214,0.9970553851181962,a |,A,58.5,False,0.0
./crnn_crops\plate_00364.jpg,8 [16 M Qien,816MQIEN,0.32215625998486047,,,0.0,False,0.0
./crnn_crops\plate_00365.jpg,AND] OX6s,ANDOX6S,0.3608837425708771,0x65 AND,0X65AND,73.0,False,0.42857142857142855
./crnn_crops\plate_00366.jpg,PUI8 _ BEST,PUI8BEST,0.338450332222374,,,0.0,False,0.0
./crnn_crops\plate_00367.jpg,L8 I 1232,L8I1232,0.35139589030748536,SS,SS,40.0,False,0.0
./crnn_crops\plate_00368.jpg,E9? VSL,E9VSL,0.08156161518896111,89 VM,89VM,10.0,False,0.4444444444444444
./crnn_crops\plate_00369.jpg,HR 26 BC 5514,HR26BC5514,0.579250264133953,"HR 26 BC SSI4,",HR26BCSSI4,71.0,False,0.7
./crnn_crops\plate_00370.jpg,Sgo5i,SGO5I,0.20463601209943785,scosi_ JU,SCOSIJU,49.5,False,0.5
./crnn_crops\plate_00371.jpg,Dof_RML,DOFRML,0.04832693859995743,,,0.0,False,0.0
./crnn_crops\plate_00372.jpg,,,0.0,EG,EG,44.0,False,0.0
./crnn_crops\plate_00373.jpg,BHH,BHH,0.42721417888201185,,,0.0,False,0.0
./crnn_crops\plate_00374.jpg,,,0.0,,,0.0,True,1.0
./crnn_crops\plate_00375.jpg,1268.,1268,0.5497461622490574,1268:,1268,78.0,True,1.0
./crnn_crops\plate_00376.jpg,,,0.0,,,0.0,True,1.0
./crnn_crops\plate_00377.jpg,,,0.0,om,OM,18.0,False,0.0
./crnn_crops\plate_00378.jpg,RKE9ZZAF,RKE9ZZAF,0.27148158118610993,RK=977AF,RK977AF,84.0,False,0.6666666666666666
./crnn_crops\plate_00379.jpg,Xnizdbg,XNIZDBG,0.14320115789270882,,,0.0,False,0.0
./crnn_crops\plate_00380.jpg,FEB VIRGINIA EWH POOP,FEBVIRGINIAEWHPOOP,0.7221334676817032,EWW POOP,EWWPOOP,53.5,False,0.48
./crnn_crops\plate_00381.jpg,VIPER,VIPER,0.9998515780501018,# VIPER,VIPER,91.5,True,1.0
./crnn_crops\plate_00382.jpg,LR33 TEE,LR33TEE,0.7919489860505936,ILA,ILA,41.0,False,0.2
./crnn_crops\plate_00383.jpg,,,0.0,45-44,4544,50.0,False,0.0
./crnn_crops\plate_00384.jpg,,,0.0,riety,RIETY,33.0,False,0.0
./crnn_crops\plate_00385.jpg,DR UN,DRUN,0.4629517591436123,,,0.0,False,0.0
./crnn_crops\plate_00386.jpg,MH12NE B922,MH12NEB922,0.40532415353409473,IMHA@NE See],IMHANESEE,18.0,False,0.42105263157894735
./crnn_crops\plate_00387.jpg,1172 TMJ,1172TMJ,0.4765643955886678,V2 IMJ,V2IMJ,53.0,False,0.5
./crnn_crops\plate_00388.jpg,BAD 231,BAD231,0.6483274524875675,MBAD-231,MBAD231,0.0,False,0.9230769230769231
./crnn_crops\plate_00389.jpg,AND OX6s,ANDOX6S,0.39744355522048996,,,0.0,False,0.0
./crnn_crops\plate_00390.jpg,MhiL Gn 9239',MHILGN9239,0.4059088291278827,MHC 99499.,MHC99499,56.0,False,0.4444444444444444
./crnn_crops\plate_00391.jpg,BYHA' [361,BYHA361,0.05182551652086674,BYHM: 136),BYHM136,30.5,False,0.7142857142857143
./crnn_crops\plate_00392.jpg,SkipGas,SKIPGAS,0.2584632243620741,SKTP GAS,SKTPGAS,89.0,False,0.8571428571428571
./crnn_crops\plate_00393.jpg,,,0.0,"A,",A,22.0,False,0.0
./crnn_crops\plate_00394.jpg,"NHzoee ? ""7696",NHZOEE7696,0.0881130615482549,,,0.0,False,0.0
./crnn_crops\plate_00395.jpg,P3RV P,P3RVP,0.3601473036477172,B P3RV PF,BP3RVPF,31.333333333333332,False,0.8333333333333334
./crnn_crops\plate_00396.jpg,KA:03. MG 2784,KA03MG2784,0.620789556367971,KA-03-MG - 2784,KA03MG2784,56.666666666666664,True,1.0
./crnn_crops\plate_00397.jpg,6526 JHD,6526JHD,0.8550493588352331,6526 JHD,6526JHD,64.5,True,1.0
./crnn_crops\plate_00398.jpg,CRAIG,CRAIG,0.9985845010159481,CRAIG,CRAIG,21.0,True,1.0
./crnn_crops\plate_00399.jpg,01 Cc IA Q001],01CCIAQ001,0.21412983047943973,(4 60 4A 0001,4604A0001,66.75,False,0.5263157894736842
./crnn_crops\plate_00400.jpg,DZI7 YXR,DZI7YXR,0.9427343203346265,—DZI7 YXR-,DZI7YXR,14.0,True,1.0
./crnn_crops\plate_00401.jpg,KAISER,KAISER,0.9999719190589287,_ KAISER ©,KAISER,76.33333333333333,True,1.0
./crnn_crops\plate_00402.jpg,MH 208020,MH208020,0.9357231607896372,Sif ccey,SIFCCEY,16.0,False,0.0
./crnn_crops\plate_00403.jpg,BCG 280,BCG280,0.3745620124361565,Way,WAY,48.0,False,0.0
./crnn_crops\plate_00404.jpg,KL IND 805S,KLIND805S,0.7655070361250756,D ISS,DISS,14.0,False,0.3076923076923077
./crnn_crops\plate_00405.jpg,DL49 AK49,DL49AK49,0.5923225226072565,q DL49 AK49”,QDL49AK49,40.666666666666664,False,0.9411764705882353
./crnn_crops\plate_00406.jpg,IND DLZC AG 0786,INDDLZCAG0786,0.7762616373922326,I DL2C AG 6786 |,IDL2CAG6786,40.2,False,0.75
./crnn_crops\plate_00407.jpg,ViHgROOT),VIHGROOT,0.2089599897578504,,,0.0,False,0.0
./crnn_crops\plate_00408.jpg,MAIL Gn 9239,MAILGN9239,0.4712475550988633,,,0.0,False,0.0
./crnn_crops\plate_00409.jpg,,,0.0,bee S138 |,BEES138,40.666666666666664,False,0.0
./crnn_crops\plate_00410.jpg,ALR 486,ALR486,0.9420676864718516,| ALR 466 |,ALR466,85.75,False,0.8333333333333334
./crnn_crops\plate_00411.jpg,,,0.0,"ngoolu,",NGOOLU,0.0,False,0.0
./crnn_crops\plate_00412.jpg,,,0.0,“a,A,35.0,False,0.0
./crnn_crops\plate_00413.jpg,PUI8 _ BES,PUI8BES,0.7489169184995941,| PUB aes,PUBAES,54.666666666666664,False,0.7692307692307693
./crnn_crops\plate_00414.jpg,Yes Boss,YESBOSS,0.3922288886748424,YES BOSS,YESBOSS,39.0,True,1.0
./crnn_crops\plate_00415.jpg,HH15BD8877,HH15BD8877,0.7020056230260635,"“MH15BD8877,",MH15BD8877,63.0,False,0.9
./crnn_crops\plate_00416.jpg,chio OSE,CHIOOSE,0.7789683032405088,CHIO OSE,CHIOOSE,94.0,True,1.0
./crnn_crops\plate_00417.jpg,TM378,TM378,0.4013043765745628,,,0.0,False,0.0
./crnn_crops\plate_00418.jpg,9214,9214,0.998871922492981,a Wetll,AWETLL,3.5,False,0.0
./crnn_crops\plate_00419.jpg,KL bo5S,KLBO5S,0.5750477054042854,BOSS,BOSS,63.0,False,0.6
./crnn_crops\plate_00420.jpg,BKHL :324,BKHL324,0.23957547097379994,,,0.0,False,0.0
./crnn_crops\plate_00421.jpg,MH 01 0b 0001,MH010B0001,0.137332731864993,MH 01 DB 0001,MH01DB0001,92.5,False,0.9
./crnn_crops\plate_00422.jpg,Ma G6U,MAG6U,0.030418971158748722,"wn, 46.7",WN467,24.0,False,0.2
./crnn_crops\plate_00423.jpg,802.LIN May VIRGINIA 07,802LINMAYVIRGINIA07,0.8142294965125507,,,0.0,False,0.0
./crnn_crops\plate_00424.jpg,0S 802-HM,0S802HM,0.6383227553031423,,,0.0,False,0.0
./crnn_crops\plate_00425.jpg,8 @6 M Olea,86MOLEA,0.36316016441676335,,,0.0,False,0.0
./crnn_crops\plate_00426.jpg,KaTt Up,KATTUP,0.22324744284471568,,,0.0,False,0.0
./crnn_crops\plate_00427.jpg,qi,QI,0.05935014533280643,IEW),IEW,22.0,False,0.4
./crnn_crops\plate_00428.jpg,TAX _,TAX,0.7134798658835996,| warp,WARP,41.0,False,0.2857142857142857
./crnn_crops\plate_00429.jpg,@r INNIE,RINNIE,0.25156721230498874,,,0.0,False,0.0
./crnn_crops\plate_00430.jpg,9214,9214,0.972038745880127,E,E,0.0,False,0.0
./crnn_crops\plate_00431.jpg,MAja BN 7077,MAJABN7077,0.25770144886548346,Livin ia aN 7077;,LIVINIAAN7077,53.25,False,0.6086956521739131
./crnn_crops\plate_00432.jpg,DUr216,DUR216,0.15257247261663584,BRE,BRE,35.0,False,0.2222222222222222
./crnn_crops\plate_00433.jpg,KWID,KWID,0.7968544960021973,WD,WD,24.0,False,0.6666666666666666
./crnn_crops\plate_00434.jpg,YS7z,YS7Z,0.06306122243404388,yster,YSTER,27.0,False,0.4444444444444444
./crnn_crops\plate_00435.jpg,,,0.0,Phe,PHE,13.0,False,0.0
./crnn_crops\plate_00436.jpg,,,0.0,Pas lve,PASLVE,27.5,False,0.0
./crnn_crops\plate_00437.jpg,,,0.0,Mhuire,MHUIRE,13.0,False,0.0
./crnn_crops\plate_00438.jpg,DLZC N 5617,DLZCN5617,0.7061749421848421,DL7C N 5617,DL7CN5617,82.66666666666667,False,0.8888888888888888
./crnn_crops\plate_00439.jpg,TN 99F2378,TN99F2378,0.8531814479206478,TNSSF 2378,TNSSF2378,87.0,False,0.7777777777777778
./crnn_crops\plate_00440.jpg,CzI7 Kod,CZI7KOD,0.27661282715164026,/CZI7 KOD |,CZI7KOD,61.333333333333336,True,1.0
./crnn_crops\plate_00441.jpg,,,0.0,—_,,65.0,True,1.0
./crnn_crops\plate_00442.jpg,MH -31 IRSS UZuukI EA,MH31IRSSUZUUKIEA,0.5319599975022543,,,0.0,False,0.0
./crnn_crops\plate_00443.jpg,IR 26CU6799,IR26CU6799,0.7399307040366605,5 606799),5606799,21.5,False,0.5882352941176471
./crnn_crops\plate_00444.jpg,KL54 4 2670,KL5442670,0.5247123223576193,KL54:A-2670 ],KL54A2670,67.5,False,0.8888888888888888
./crnn_crops\plate_00445.jpg,LGET OIL,LGETOIL,0.6412913619082764,,,0.0,False,0.0
./crnn_crops\plate_00446.jpg,6526 JHD,6526JHD,0.7570792742556136,G526 JHD,G526JHD,89.0,False,0.8571428571428571
./crnn_crops\plate_00447.jpg,BAD 231,BAD231,0.9373552420092813,ABAD:2:31,ABAD231,36.0,False,0.9230769230769231
./crnn_crops\plate_00448.jpg,,,0.0,Mtl,MTL,27.0,False,0.0
./crnn_crops\plate_00449.jpg,UP46 IClLO,UP46ICLLO,0.011370058047808726,UPi6TCI366,UPI6TCI366,16.0,False,0.42105263157894735
./crnn_crops\plate_00450.jpg,Coj Uul,COJUUL,0.2367942018786333,cog OOL,COGOOL,22.5,False,0.5
./crnn_crops\plate_00451.jpg,HR 26 BC 5514,HR26BC5514,0.7259327199698895,HR 26 BC S514,HR26BCS514,81.5,False,0.9
./crnn_crops\plate_00452.jpg,Lu63 GLY,LU63GLY,0.10359643231518513,VU63 CTY,VU63CTY,37.0,False,0.5714285714285714
./crnn_crops\plate_00453.jpg,,,0.0,,,0.0,True,1.0
./crnn_crops\plate_00454.jpg,MH 440X 993,MH440X993,0.20962216263006053,WH AADKSS,WHAADKSS,12.5,False,0.11764705882352941
./crnn_crops\plate_00455.jpg,,,0.0,TS Aas,TSAAS,10.0,False,0.0
./crnn_crops\plate_00456.jpg,,,0.0,na,NA,30.0,False,0.0
./crnn_crops\plate_00457.jpg,,,0.0,Viee/ st,VIEEST,29.5,False,0.0
./crnn_crops\plate_00458.jpg,,,0.0,p scord,PSCORD,0.0,False,0.0
./crnn_crops\plate_00459.jpg,,,0.0,Yu @,YU,52.0,False,0.0
./crnn_crops\plate_00460.jpg,Nho14v8866,NHO14V8866,0.3327999573775212,MHO1AY8866,MHO1AY8866,41.0,False,0.7
./crnn_crops\plate_00461.jpg,,,0.0,Lt,LT,5.0,False,0.0
./crnn_crops\plate_00462.jpg,,,0.0,>qnnly,QNNLY,0.0,False,0.0
./crnn_crops\plate_00463.jpg,IA,IA,0.24061499903273828,,,0.0,False,0.0
./crnn_crops\plate_00464.jpg,,,0.0,Lis F,LISF,21.0,False,0.0
./crnn_crops\plate_00465.jpg,NBEYOND,NBEYOND,0.9862043482696453,NBEY OND),NBEYOND,55.5,True,1.0
./crnn_crops\plate_00466.jpg,4 DOOgDB,4DOOGDB,0.4933564664911479,,,0.0,False,0.0
./crnn_crops\plate_00467.jpg,PGoNN112,PGONN112,0.18495080227844712,= PGeMN112,PGEMN112,69.0,False,0.75
./crnn_crops\plate_00468.jpg,KA 050G 1909,KA050G1909,0.6758450318097825,,,0.0,False,0.0
./crnn_crops\plate_00469.jpg,ALW YUKKS YHORRY,ALWYUKKSYHORRY,0.3246445850546642,YWORRY,YWORRY,90.0,False,0.5
./crnn_crops\plate_00470.jpg,Ka-09 Ma 2662,KA09MA2662,0.9659098717800823,Sr 2662,SR2662,48.5,False,0.5
